PIDN,ARC_L__median_len_clean,ARC_R__median_len_clean,ATR_L__median_len_clean,ATR_R__median_len_clean,CGC_L__median_len_clean,CGC_R__median_len_clean,CST_L__median_len_clean,CST_R__median_len_clean,FA__median_len_clean,FP__median_len_clean,IFO_L__median_len_clean,IFO_R__median_len_clean,ILF_L__median_len_clean,ILF_R__median_len_clean,SLF_L__median_len_clean,SLF_R__median_len_clean,UNC_L__median_len_clean,UNC_R__median_len_clean,VOF_L__median_len_clean,VOF_R__median_len_clean,pARC_L__median_len_clean,pARC_R__median_len_clean,whole_brain__median_len_clean,ARC_L__n_streamlines_clean,ARC_R__n_streamlines_clean,ATR_L__n_streamlines_clean,ATR_R__n_streamlines_clean,CGC_L__n_streamlines_clean,CGC_R__n_streamlines_clean,CST_L__n_streamlines_clean,CST_R__n_streamlines_clean,FA__n_streamlines_clean,FP__n_streamlines_clean,IFO_L__n_streamlines_clean,IFO_R__n_streamlines_clean,ILF_L__n_streamlines_clean,ILF_R__n_streamlines_clean,SLF_L__n_streamlines_clean,SLF_R__n_streamlines_clean,UNC_L__n_streamlines_clean,UNC_R__n_streamlines_clean,VOF_L__n_streamlines_clean,VOF_R__n_streamlines_clean,pARC_L__n_streamlines_clean,pARC_R__n_streamlines_clean,whole_brain__n_streamlines_clean,ARC_L__FA_median,ARC_L__MD_median,ARC_R__FA_median,ARC_R__MD_median,ATR_L__FA_median,ATR_L__MD_median,ATR_R__FA_median,ATR_R__MD_median,CGC_L__FA_median,CGC_L__MD_median,CGC_R__FA_median,CGC_R__MD_median,CST_L__FA_median,CST_L__MD_median,CST_R__FA_median,CST_R__MD_median,FA__FA_median,FA__MD_median,FP__FA_median,FP__MD_median,IFO_L__FA_median,IFO_L__MD_median,IFO_R__FA_median,IFO_R__MD_median,ILF_L__FA_median,ILF_L__MD_median,ILF_R__FA_median,ILF_R__MD_median,SLF_L__FA_median,SLF_L__MD_median,SLF_R__FA_median,SLF_R__MD_median,UNC_L__FA_median,UNC_L__MD_median,UNC_R__FA_median,UNC_R__MD_median,VOF_L__FA_median,VOF_L__MD_median,VOF_R__FA_median,VOF_R__MD_median,pARC_L__FA_median,pARC_L__MD_median,pARC_R__FA_median,pARC_R__MD_median
33969,195,189,135,146,180,178,194,212,171,275,278,271,184,187,133,122,121,142,84,95,120,121,157,3859,2277,2927,2407,1120,1995,3662,3636,1118,263,900,1239,1427,877,997,2220,2185,2502,3184,2826,1200,1372,44193,0.53097403,0.00064575,0.5416724,0.00064647,0.4049765,0.00058185,0.39597938,0.00058425,0.44718483,0.00058953,0.44363424,0.00061584,0.51054289,0.00056781,0.54023591,0.00057724,0.48495058,0.00064778,0.71855445,0.00068841,0.52007937,0.00066157,0.50088357,0.00065583,0.51373053,0.00068564,0.52717477,0.00067945,0.50291075,0.00060748,0.51213376,0.00061251,0.37309848,0.00066706,0.44594359,0.00066763,0.50377871,0.00067419,0.48483292,0.00066732,0.5281695,0.00066356,0.52838314,0.0006561
34360,186,212,158,158,184,198.5,205,226,183,243,270,249,189,177,152,118,166,166,77,82,114,119,169,1181,931,2168,1606,2467,1086,3617,2180,1364,110,266,527,389,191,854,1586,1914,1573,1560,2702,1293,800,30365,0.45644071,0.00066905,0.45059392,0.00068377,0.37331755,0.00057946,0.39042002,0.00058597,0.45386635,0.0005889,0.42220848,0.00061345,0.48616784,0.00054002,0.47266069,0.00055743,0.400383,0.00065681,0.60058579,0.00068767,0.45685317,0.00068014,0.46703893,0.00069265,0.43862664,0.0007464,0.41377246,0.0007492,0.4054995,0.00063265,0.43361523,0.00066444,0.36769154,0.00064547,0.37685897,0.0006483,0.4598416,0.00068675,0.44394247,0.00070358,0.4699057,0.00068862,0.46333289,0.00068904
34119,186,199,144,146,181,187,200,186,163,262,276,252,193,198,139,134,141.5,121,78,77,102,119,165,2763,1059,2069,1091,1984,1537,2936,3116,2132,192,467,758,1002,1257,919,2058,1748,2871,1528,1449,586,200,33722,0.48583078,0.0006171,0.47891002,0.00063494,0.37450816,0.00057027,0.37511849,0.0005746,0.51378671,0.00058047,0.47117532,0.00058934,0.49831411,0.00054347,0.5210449,0.00055062,0.44855007,0.00063171,0.71037091,0.00067597,0.47150085,0.00065437,0.49354299,0.00064769,0.50023146,0.00066369,0.48437887,0.00066375,0.43521649,0.00059426,0.48305081,0.00057646,0.36479013,0.00064401,0.40241072,0.00064626,0.46423212,0.00063949,0.51929523,0.00064151,0.47116708,0.00063903,0.48355608,0.00064603
27270,183,208,139,142,183,167,208,215,174,348,283,265,197,194,121,127,158,139,111,119,122,138.5,165,2762,2085,1671,1898,3459,1999,3412,3206,2359,2,474,830,225,385,615,1274,249,1014,3641,1331,2798,2186,37875,0.54530865,0.00061426,0.53742538,0.00063035,0.41259977,0.00059717,0.44132834,0.00059321,0.54891017,0.00056929,0.57360142,0.00056756,0.53948264,0.00055597,0.55662852,0.0005692,0.46179135,0.0006128,0.57467901,0.00064674,0.54871414,0.00064302,0.50061531,0.00063881,0.49519877,0.0006782,0.46440865,0.00065614,0.52880863,0.00060076,0.51625738,0.00059898,0.43407322,0.00064522,0.43207439,0.000632,0.5012173,0.00062923,0.53575179,0.00063151,0.54253893,0.00061787,0.52437184,0.00063538
33682,192,170,139,137,168,183,223,215,170,260,269,255,187,201,143,135,110,116,84,80,118,125,163,2113,433,1125,262,1325,1816,2769,4448,1346,121,1220,1324,613,1773,620,2743,2187,2303,1943,2443,1089,1536,35552,0.47352314,0.00062473,0.48771441,0.00064054,0.38700652,0.00060223,0.3659007,0.00061405,0.46384675,0.00061088,0.44496571,0.00062258,0.52268677,0.00056436,0.51971349,0.00056656,0.44762185,0.00065677,0.7249083,0.00067916,0.49767984,0.00064173,0.4991317,0.00065209,0.49306192,0.00065641,0.47029359,0.00066266,0.46018761,0.00060196,0.45556172,0.00060309,0.36881806,0.00066253,0.38601232,0.00065586,0.48621782,0.00063573,0.46135073,0.00065707,0.46780007,0.00063004,0.50844296,0.00064752
33661,180,195,145,139,178,165,203,203,185,289,267,271,192,183,121,142,164,135,80,80,113,110,163,1022,302,1145,1186,1462,499,2895,3562,1394,31,810,939,576,1159,531,2800,2365,1474,825,602,3626,1256,30461,0.50880736,0.00061896,0.49815623,0.00064168,0.41898359,0.00059964,0.42750749,0.00058812,0.47617681,0.00058252,0.43347175,0.0005875,0.54946338,0.00052108,0.55639489,0.00052938,0.509329,0.00066932,0.60306156,0.00065623,0.52431664,0.0006361,0.47461394,0.00063684,0.51086094,0.00065176,0.47411495,0.00066125,0.47911948,0.00061648,0.50521409,0.00058158,0.41471154,0.00064972,0.4268635,0.00064654,0.44482777,0.00062488,0.4280434,0.000636,0.53199267,0.00061758,0.49701829,0.00064735
30864,213,205,154,147,204,187,218,217,173,276,295,294,217,228,132,158,146,148,66,95,116,109,169,1963,734,815,1318,2631,1851,2533,2324,767,85,1278,528,1000,955,2247,4327,1800,2496,1441,3748,1053,690,36584,0.48495088,0.00059332,0.47928033,0.00061934,0.34128323,0.0005696,0.3643276,0.00057873,0.49957627,0.00057818,0.51163893,0.00058743,0.52736668,0.0005284,0.52617714,0.0005631,0.45045384,0.00060784,0.66393688,0.00066253,0.54261652,0.00059863,0.557907,0.0006178,0.51365469,0.00063215,0.47329448,0.00064838,0.50468698,0.00057052,0.50302692,0.00057338,0.39726364,0.00061492,0.42731645,0.00062641,0.46663466,0.000619,0.47097962,0.0006244,0.46185875,0.00060664,0.47977338,0.0006261
25826,203,181.5,156,155,209,190,205,207,193,306,294,277,236,213,153,150,146,145,77,83,130,127,179,574,20,2256,3030,1751,791,2978,2812,986,95,1135,842,872,1497,1166,669,1272,1974,649,1319,672,314,27674,0.51419904,0.00060497,0.50811789,0.00062602,0.43104853,0.00057178,0.43635703,0.00057645,0.47661148,0.0005838,0.49106406,0.00059432,0.53665373,0.00051802,0.55365043,0.0005363,0.47107604,0.00061545,0.66117249,0.000686,0.52265563,0.00062978,0.49286461,0.00064224,0.47952544,0.00065479,0.51102103,0.00067321,0.47274315,0.00057386,0.51300004,0.00060237,0.41581594,0.00061911,0.43775989,0.00060234,0.49823056,0.00064916,0.47464565,0.00064066,0.51961736,0.00061567,0.52397134,0.00063214
31167,178,181,157,159,205,201,214,219,195,283,294,288,202,213,159,159,125,120,84,85,111,127,175,1435,1493,2144,3233,2182,1298,2400,3077,2975,254,734,735,211,511,1098,246,2613,2858,1788,304,1594,505,33688,0.50041808,0.00062477,0.4772582,0.0006377,0.42482451,0.00058623,0.40709634,0.00057836,0.50100916,0.00058107,0.46021171,0.00058606,0.55347158,0.00052006,0.51907658,0.00053074,0.45152603,0.00061446,0.65124985,0.00066025,0.47873097,0.00064642,0.48103864,0.00064051,0.47542738,0.00064993,0.51031349,0.00065125,0.47622677,0.00059391,0.47063514,0.00060307,0.39822334,0.00064845,0.40695763,0.00063833,0.42736367,0.00065261,0.40780189,0.00061207,0.47108158,0.0006291,0.47600195,0.00064962
20890,193,195,155,160,180,189,218,218,184,282,289,288,205,208,147,139,136,107,93,121,117,118,181,2997,1829,1041,645,1083,1469,1921,2273,1652,153,508,882,1321,890,844,2597,1587,2242,810,304,1158,476,28682,0.50256871,0.00066557,0.48488778,0.00067674,0.45984238,0.00068234,0.41440035,0.00070557,0.53251796,0.0007025,0.48389016,0.00070487,0.53540834,0.00062629,0.56698738,0.00061767,0.49392067,0.00073277,0.72189396,0.00070331,0.54346667,0.0007148,0.51218737,0.00071624,0.50722179,0.00074994,0.50850206,0.00074673,0.46899531,0.00065799,0.5079527,0.00063539,0.40184402,0.00075518,0.42324166,0.00075426,0.4721059,0.00066111,0.52662487,0.00068405,0.49542998,0.00066826,0.48317071,0.00068324
26394,200,182,146,142,174,186,201,203,179,259,274,268,202,206,135,134,153,131,71,90,110.5,86,162,663,529,1412,2250,1295,1821,3529,3678,1342,101,575,452,914,645,2886,2397,2244,3709,1081,571,378,345,32817,0.47928334,0.00065212,0.45034324,0.00067674,0.37898009,0.000617,0.37438074,0.00060983,0.4922835,0.00060032,0.49382441,0.00061704,0.51074919,0.00057939,0.50027473,0.00058321,0.44770211,0.00065173,0.60419028,0.00069645,0.50078031,0.00066212,0.49911912,0.00066354,0.49615385,0.00068291,0.44236972,0.00068633,0.4791464,0.00062403,0.46403238,0.00061252,0.42583647,0.00066134,0.40043684,0.00064689,0.42360955,0.00069191,0.41222028,0.00068661,0.48426604,0.00066099,0.45256537,0.00068649
20867,197,236,148,150,221,181,234,226,201,289,302,297,179,214,133,140,142,168,89,104,114,127,168,1572,590,1355,1792,2389,1053,1612,2263,916,46,655,600,1032,698,909,1727,987,1926,1746,825,2405,1901,28999,0.52652829,0.00062214,0.54808334,0.0006326,0.47205739,0.00065853,0.46108676,0.00064375,0.55782682,0.00068637,0.51538695,0.00068704,0.54413258,0.00061117,0.59679519,0.00061018,0.59581972,0.00065667,0.7550844,0.00065421,0.55834726,0.00069707,0.57054626,0.00069166,0.52227719,0.00070318,0.54091453,0.0006866,0.49754547,0.00063771,0.51823458,0.00060926,0.45729621,0.00073092,0.50274297,0.00068378,0.47814583,0.00060795,0.51566392,0.00062171,0.50587715,0.00062772,0.54448968,0.00064802
20869,200,230.5,157,160,186,177,216,211,186,273,299,298,205,199,140,162,158,155,102,73,120,133,176,3611,896,1320,1039,914,915,2633,4033,1708,111,647,474,942,749,1781,1835,2721,4414,619,1680,1473,260,34775,0.53287969,0.00066663,0.51131558,0.00067151,0.44305182,0.00066874,0.43458437,0.00067015,0.52982895,0.00069513,0.52941894,0.00071555,0.57593647,0.00065301,0.57939342,0.00064999,0.58175822,0.00067263,0.74539025,0.00069401,0.53721816,0.00071063,0.56415065,0.00070469,0.50877263,0.00074298,0.54500419,0.00071457,0.45730754,0.00067185,0.48403645,0.00064425,0.45248402,0.00073406,0.45333488,0.00071017,0.50978881,0.0006488,0.41141962,0.00066987,0.46373713,0.00068626,0.55830565,0.00067649
22307,189,196,147,155,193,183,215,219,181,301,260,288,163,193,176,177,92,154,72,83,129,122,184,1547,1261,1232,799,285,181,3603,3707,2312,25,967,985,929,433,476,2564,833,1837,1308,547,820,211,26862,0.48948199,0.00063281,0.45429589,0.0006403,0.36204516,0.00063453,0.3799208,0.00063749,0.48306981,0.00059869,0.42974379,0.00057121,0.50279819,0.00054735,0.47636766,0.0005685,0.47676977,0.00068556,0.56906022,0.00066344,0.46199124,0.0006684,0.43855122,0.00066882,0.41291408,0.00066088,0.43277323,0.00065973,0.45497399,0.00061296,0.45939253,0.00058856,0.38817704,0.00070459,0.40290599,0.00068197,0.44485161,0.00069457,0.40252492,0.00065804,0.48841748,0.00064711,0.44313268,0.00064335
24070,216,224,156,163,176,169,212,201,196,281.5,279,280,236,199,139,159,145,158,95,90,115,113,168,1393,248,2249,3232,1638,985,4059,3714,2736,160,1070,1112,495,1115,2255,1949,1894,1663,3555,3123,1734,930,41309,0.51774474,0.0006117,0.48730482,0.00061971,0.42103264,0.0005635,0.42080563,0.00059513,0.506249,0.00056615,0.46624612,0.00058878,0.5428608,0.0005173,0.54760028,0.0005207,0.492062,0.00062984,0.69392375,0.00065706,0.51826694,0.00061444,0.52664415,0.00062461,0.49796866,0.00065182,0.46061732,0.0006505,0.52197984,0.00056992,0.49736444,0.00056866,0.37924242,0.00062233,0.3964652,0.00064638,0.4799178,0.00063503,0.49844675,0.00065001,0.50461364,0.00062579,0.50817553,0.00064352
21287,208,182,149,147,201,186,241,232,199,293.5,285,282,203,204,172,130,92,145,96,80,127,125,170,3293,2110,1696,1430,562,540,1315,1356,503,88,270,602,1371,1294,403,607,427,1152,668,2069,2798,373,24927,0.47187906,0.00069751,0.49410403,0.0007034,0.43462765,0.00068413,0.40179644,0.00067516,0.50594007,0.0007318,0.50834236,0.00073056,0.54559563,0.00065719,0.52725019,0.00066695,0.53743645,0.00069204,0.69396303,0.00075058,0.52557472,0.00073055,0.53408447,0.00072557,0.48811253,0.00076321,0.47526233,0.00077581,0.48272232,0.00067756,0.48535519,0.0006708,0.35827171,0.0007754,0.45735435,0.00074675,0.45484811,0.00064866,0.43325849,0.00065821,0.47088081,0.00070154,0.4737539,0.0007174
28793,194,163.5,154,156,177,183,193,206,183,279,274,282,200,207,138,122,92,86,79,83,104,105,166,585,220,1855,2227,1562,1472,3118,3058,2273,461,1113,482,1807,685,1083,1212,845,1163,1903,2019,667,1305,31115,0.46940916,0.00061901,0.4609942,0.00066251,0.35605735,0.00056807,0.36962706,0.00058757,0.46624609,0.00058014,0.46120351,0.0005968,0.50698842,0.0005343,0.50388991,0.0005629,0.45421729,0.00064006,0.61895373,0.00068501,0.51199821,0.00063243,0.44566491,0.00066211,0.48483376,0.00064628,0.45381364,0.00067318,0.47969936,0.00059852,0.49471658,0.00062316,0.36385428,0.00066771,0.4066227,0.00068975,0.4557906,0.00067164,0.45503749,0.00067715,0.46716564,0.00064247,0.49709802,0.00067702
33727,210,203,152,151,202,168,218,213.5,195,327,313,296,226,241.5,135,156,181,122,93,77,130,121.5,177,2073,1186,1456,959,717,173,2175,1922,705,452,709,898,906,496,1097,1549,1317,2803,1643,269,1291,76,24872,0.51566894,0.00063491,0.50698929,0.00065076,0.43174091,0.000594,0.37800981,0.00061229,0.4801877,0.00060714,0.42606121,0.00062974,0.52721743,0.00054715,0.50448835,0.00055181,0.4912886,0.0006537,0.6600262,0.00069752,0.49704747,0.00064887,0.49122286,0.00066711,0.49822627,0.0006716,0.48523991,0.00068436,0.48561549,0.00062218,0.50525913,0.00065714,0.41892885,0.00065313,0.43259841,0.00068127,0.48351509,0.00067517,0.42207237,0.00064853,0.49706039,0.00064945,0.49802719,0.00067597
20894,192,206,141,142,180,160.5,199,195,179,280,269,274,199,199,153,138,175,168,94,91,136,122,173,1497,627,900,1050,2166,638,2402,1947,2596,594,464,527,2477,954,490,832,1628,1581,1775,1954,1773,2421,31293,0.5096241,0.00068417,0.48169638,0.00069511,0.45081118,0.00066652,0.39342291,0.00067764,0.51660848,0.00070181,0.48853608,0.00069587,0.57444963,0.00066439,0.59565737,0.00064901,0.53739724,0.00068653,0.74670353,0.00072794,0.52783419,0.00070343,0.53243992,0.00069889,0.53433965,0.00073271,0.52155895,0.00072007,0.45687053,0.00068489,0.50517816,0.00065421,0.47977641,0.00071756,0.48153577,0.00071153,0.48215692,0.0006582,0.4690851,0.0006517,0.48466441,0.0007002,0.48330784,0.0007009
31284,210,199,157,152,175,166,207,215,173,261,280,257,213,173,115.5,126,171,163,81,85,134,94,174,1895,1581,706,1465,2438,1425,2919,3046,2476,100,834,790,680,695,674,1086,508,1879,367,1053,2024,804,29445,0.46840547,0.00062477,0.44096934,0.00065286,0.37160111,0.00059219,0.33177101,0.00059172,0.4799689,0.00058292,0.45528967,0.0005863,0.53815483,0.00054473,0.53049232,0.00056438,0.41707959,0.00062942,0.65215775,0.00065405,0.47626191,0.00063085,0.47962745,0.00065297,0.43521479,0.00066356,0.40455049,0.00065629,0.44405272,0.00061115,0.44073076,0.0005938,0.39885301,0.00062296,0.38721909,0.00063931,0.37643672,0.00066285,0.39931553,0.00066294,0.45884873,0.00063769,0.41843375,0.0006667
30733,180,201,149,147,162,173,199,195,160,254,261,261,184.5,182,104,89,156,146,76,89,92,119,157,1817,230,900,3584,1039,1464,3161,3041,1446,220,1051,716,528,358,2459,2273,1769,2564,684,366,688,418,30776,0.40384178,0.00066625,0.41216378,0.00069979,0.28561376,0.00060943,0.30771074,0.00060205,0.36799426,0.00060598,0.37155596,0.00061679,0.45149898,0.00056335,0.446044,0.00060007,0.3657728,0.00066295,0.61349771,0.0007378,0.44578689,0.00068224,0.41806016,0.00068737,0.43112882,0.00071317,0.41248252,0.00072321,0.36816206,0.00065258,0.36918496,0.00066247,0.29797839,0.00067529,0.32259235,0.00067544,0.34323151,0.00071065,0.39217082,0.00072867,0.40885771,0.00067132,0.4176107,0.00070369
20766,194,208,155,164,198,205,203,230,196,292,286,302,211,219,160,167,134,147,74,74,121,119,190,4143,711,733,781,921,679,2219,2324,2088,865,458,645,1208,1179,1189,1954,915,2563,384,642,1430,255,28286,0.52026152,0.0006641,0.52446054,0.00067473,0.40048412,0.00066812,0.42065037,0.00066979,0.55394469,0.00069957,0.49538446,0.00071659,0.57943917,0.00066334,0.58110902,0.00064004,0.56177289,0.00067044,0.7073945,0.00077608,0.55221267,0.00069152,0.58429556,0.00069483,0.53050851,0.00073275,0.53192367,0.00072177,0.49615727,0.00065211,0.52946794,0.00063392,0.42738292,0.00073829,0.44606825,0.00070853,0.43442479,0.00065992,0.41546061,0.00067381,0.4958524,0.00066649,0.5319755,0.00068804
28375,197,214,163,164,203,194,209,218,175,280,276,277,209,192,132,133,140,145,109,89,111,116,176,3631,1045,1508,1302,1543,1865,1551,1811,2500,503,864,674,1081,1051,756,2857,1902,2400,424,1292,1524,1001,33085,0.49144873,0.00063534,0.45768066,0.00065942,0.34906077,0.00062568,0.35782324,0.00062542,0.5015495,0.00063582,0.48988963,0.00063809,0.54708829,0.00054378,0.51172428,0.00056979,0.41704171,0.00068193,0.65725987,0.00071458,0.50037638,0.00067836,0.48443229,0.00067957,0.46513759,0.00069147,0.43370924,0.00067838,0.48415888,0.00062667,0.50106323,0.00062794,0.36828258,0.00065115,0.39360552,0.00065472,0.45913197,0.00067553,0.42257216,0.00068329,0.47383311,0.0006565,0.44496345,0.00067844
21197,197,197,134,136,171,161,191,217,161,259,257,265,182,198,166,132,152,144,80,73,139,94,163,2268,434,1082,2013,1007,998,1648,2071,1999,1049,302,332,938,1101,221,1936,1807,2067,1218,343,1498,915,27247,0.50637686,0.00065377,0.47928588,0.0006523,0.473092,0.00065465,0.47910815,0.00065268,0.48290148,0.0006798,0.49192535,0.00068049,0.56345341,0.00063846,0.58166775,0.00064363,0.55295485,0.00066716,0.73685815,0.00070655,0.54165008,0.00067504,0.57148847,0.0006718,0.55705102,0.00067951,0.57215419,0.0006739,0.45737135,0.00059755,0.50519226,0.00062778,0.43228893,0.0007139,0.43848482,0.00072151,0.42463425,0.00064389,0.41197917,0.00065771,0.49926969,0.00066868,0.48671605,0.00066139
32739,214,181,140,142,170,178,203,203,174,279,266,267,167,184,150,127.5,156,157,78,99,107,113,160,238,166,1547,1112,1764,941,2482,3688,2676,437,919,857,497,125,1332,1254,2111,2116,994,1219,1058,3023,30556,0.49868932,0.00061896,0.49362459,0.0006558,0.41144344,0.00057552,0.38304932,0.00059996,0.51620612,0.0005837,0.46424319,0.00060116,0.5665144,0.00053624,0.57952558,0.0005601,0.43960714,0.00061968,0.68713702,0.00064589,0.51826451,0.00062233,0.51008818,0.00065366,0.50199157,0.00066275,0.49786902,0.000671,0.48251649,0.00062388,0.48698855,0.00062659,0.40685789,0.00062536,0.40973244,0.00063277,0.45041181,0.00064232,0.48555885,0.00068585,0.5003787,0.00062117,0.49146248,0.00066424
33561,204.5,232,149,150,178,190,209,183,166,284,268,262,198,205,110,151,129,137,87,85,114,95,153,802,340,1002,946,2049,1689,2399,1172,823,37,367,609,258,466,761,955,2024,3262,1761,2927,700,706,26055,0.52182994,0.00062404,0.49574918,0.00063375,0.41433906,0.0006162,0.37510381,0.00061113,0.52753473,0.00061569,0.48157949,0.00061833,0.53952448,0.0005603,0.55189191,0.00055911,0.47537671,0.00063139,0.60666128,0.00067611,0.51678148,0.00065043,0.523284,0.00064424,0.47170718,0.00067416,0.47699431,0.00066869,0.49639694,0.00062788,0.47402941,0.00058981,0.40608379,0.00065783,0.44403113,0.00064836,0.50079728,0.00065166,0.47061201,0.00064364,0.56085192,0.00063116,0.51509325,0.00066441
28748,197,218,157,149,166,180,198,196,183,275,289,277,217,180,142,151,156,142,67,78,109,78,173,1892,151,1809,1317,418,361,2374,4301,3136,208,933,936,765,297,1437,2299,1296,1417,1246,1318,1145,39,29095,0.51337245,0.00061157,0.46589377,0.0006222,0.40212007,0.00061022,0.38336825,0.00061936,0.52194661,0.00062718,0.45263373,0.0006399,0.54090903,0.00052679,0.5057494,0.00054062,0.49742863,0.00065557,0.67416939,0.00068118,0.47864738,0.00063763,0.47170944,0.00065063,0.47809454,0.00064914,0.48310845,0.0006414,0.48767891,0.00060473,0.52000987,0.00058179,0.40722182,0.00064441,0.40247229,0.00063088,0.44062172,0.00064811,0.39946737,0.00067503,0.48170167,0.00062559,0.45681749,0.00062491
30734,180,175,157,160,187,173,205,210,185,274,312,279,218,196,106,115,101,132,76,85,113,92,168,3111,903,2164,1693,2417,1210,1994,1445,2172,55,406,683,787,887,1193,2729,2109,1928,1053,885,1217,372,31413,0.45822232,0.0006252,0.44857899,0.00064631,0.31087969,0.00054176,0.34068186,0.00056408,0.45895979,0.00055623,0.44834632,0.00056723,0.48778342,0.00050533,0.49495015,0.00051652,0.41768973,0.00061245,0.55405485,0.00069968,0.47074188,0.0006111,0.45288431,0.00064465,0.47175407,0.00065484,0.43323168,0.00066879,0.41122083,0.00057772,0.45861644,0.00058537,0.30874322,0.00062939,0.36599237,0.00066063,0.44565265,0.00066047,0.39655279,0.00066072,0.45977121,0.00063116,0.44997487,0.00065237
34141,207,200,151,144,150,153,214,220,171,265,280,262,201,202,133,142,79,114,65,65,118,137,157,3142,1020,1818,997,1990,1086,2383,1944,583,163,996,494,1051,804,2978,3546,1565,3335,697,834,705,292,32423,0.49999734,0.00063889,0.49332316,0.00064526,0.34465275,0.00058523,0.37859795,0.00058899,0.54993922,0.00060912,0.4920572,0.00061531,0.57942613,0.00055456,0.55752202,0.00057774,0.43112688,0.00061698,0.68576558,0.00070004,0.49236472,0.00064248,0.48309066,0.00066236,0.50919422,0.00067958,0.49126786,0.00068252,0.49913751,0.00060999,0.50994574,0.00061139,0.40117164,0.00064112,0.38733095,0.0006581,0.42702725,0.00068051,0.41274139,0.00067103,0.51120956,0.00065257,0.48217274,0.00066028
27889,192,209,158,156,209,192,219.5,205,187,296,300,310,230,223,152,144,153,135,94,63,113,120,184,3098,607,1979,1920,1575,1138,2366,1437,1509,485,445,488,665,1234,798,1899,1369,470,463,399,341,385,25070,0.49404061,0.00063442,0.44541232,0.00065207,0.41036908,0.00059736,0.37921263,0.00059143,0.45748555,0.00060739,0.47913307,0.00060325,0.50635235,0.00053194,0.50218046,0.00054168,0.40794927,0.00066138,0.68113539,0.00069506,0.49805853,0.00065434,0.46370584,0.0006649,0.48745633,0.00067027,0.49560917,0.00067627,0.46379549,0.0006059,0.46195282,0.00060058,0.37534226,0.00066933,0.36848187,0.00066113,0.41868772,0.00066024,0.37981773,0.00067626,0.48075902,0.00064567,0.46866904,0.00067669
29342,222,208,158,153,189,193,215,220,183,282,287,282,221,202,121,131,112,163,62,86,117,130,168,1389,515,2053,2736,1328,802,4032,3109,1675,88,1321,633,459,372,1006,1242,1214,2686,1385,824,2510,2226,33605,0.51863729,0.00063208,0.49496947,0.00063856,0.41481741,0.00058793,0.40690183,0.00059833,0.54804025,0.0005903,0.50534254,0.00061127,0.56318624,0.00053624,0.57749529,0.00055076,0.50701973,0.00063411,0.64212495,0.00066206,0.52364287,0.0006319,0.5132342,0.00064741,0.49356945,0.00064882,0.48155609,0.0006557,0.485023,0.00060671,0.47977432,0.0006017,0.40089318,0.00064681,0.41662624,0.00062906,0.44662822,0.00065818,0.46796286,0.00064962,0.50844533,0.00064727,0.50286924,0.00064749
22076,208,218,163,169,212,238,222,233.5,181.5,273,311,297,226,225,134,172,182,167,76,77,107,108.5,201,3640,1316,981,1365,1460,2237,2272,1798,1038,467,1816,1689,2415,2551,1684,3785,996,1270,2918,1723,335,140,37896,0.56298129,0.00062687,0.52032981,0.00062734,0.48232861,0.00065374,0.46348058,0.000633,0.57287024,0.00066649,0.58638977,0.0006314,0.58668354,0.0006124,0.590532,0.00060732,0.56031509,0.00063368,0.74773453,0.0007033,0.63216301,0.00070599,0.62321056,0.00068112,0.61852491,0.00072162,0.57926306,0.00067741,0.52780846,0.00060064,0.57110933,0.00057622,0.51035514,0.00068719,0.51000256,0.00067434,0.44672443,0.00062087,0.4528708,0.00063185,0.51657718,0.00063576,0.51837454,0.00064224
34115,218,188,146,151,197,173,215,206,180,257,282,270,198,193,140,163,87,102,87,90,109,111,170,2016,645,2484,2567,3266,1901,3810,2726,853,215,278,706,1026,1906,1931,2388,1294,1610,1579,1782,2214,338,37535,0.46995384,0.00063543,0.4832206,0.00063975,0.39285907,0.00056202,0.36669213,0.00057951,0.45819886,0.0005872,0.45644105,0.00058257,0.49917453,0.00053236,0.50562196,0.00055613,0.42412337,0.00063834,0.63712325,0.00067042,0.43141364,0.00063115,0.47158367,0.0006462,0.51066395,0.00066315,0.49769224,0.00067044,0.44074398,0.00058215,0.44826193,0.00058829,0.33707048,0.00064697,0.38786805,0.0006525,0.46344204,0.00064379,0.47589691,0.00063749,0.50776186,0.00065519,0.52900041,0.00066171
20632,210,207,163,166,205,204,223,237,199,309,305,304,230,235,151,156,121,146,94,105,121,117,194,1488,455,1103,1277,2275,1370,2534,1904,947,98,769,710,1475,1191,1223,1911,913,1168,824,712,567,525,25439,0.51893634,0.00065338,0.50388316,0.00063882,0.42678487,0.00066498,0.451095,0.00066482,0.55728586,0.00067258,0.6053874,0.00068153,0.5635872,0.00063689,0.56681642,0.00062853,0.57708069,0.00066331,0.72335299,0.00072458,0.57996316,0.00071002,0.55754581,0.00071207,0.53393867,0.00074237,0.5576937,0.0007131,0.50356841,0.00064114,0.547524,0.0006235,0.46734469,0.00074423,0.48685642,0.00069798,0.48492599,0.00062446,0.52334659,0.00061559,0.4757827,0.00066272,0.53193801,0.0006477
21006,212,221,167,164,195,198,221,206,197,320,310,312,209,237,165,184,161,155,81,78,110,112,181,1128,702,1532,1450,895,734,2621,2707,998,79,306,599,1434,1019,1056,1066,1070,1615,2929,1267,683,167,26057,0.51668525,0.00069384,0.47466895,0.00069913,0.43610448,0.00069427,0.41328381,0.00070243,0.52666317,0.00076193,0.52704323,0.00075973,0.55887886,0.00064626,0.52765406,0.00064055,0.51173187,0.00070048,0.68140508,0.00080097,0.50700392,0.00074467,0.53271057,0.00073604,0.49145367,0.00078655,0.51876732,0.00076167,0.45477802,0.00070214,0.46590434,0.00066295,0.40370594,0.00076357,0.44885656,0.0007269,0.40382868,0.00070821,0.39784466,0.00071143,0.51572023,0.00069482,0.47927187,0.00070783
33658,194,206,155,156,172,165,214,196,195,294,306,279,223,219,152,151,151,164,66,85,112,120,174,1686,535,1482,1025,1496,721,3698,4356,1848,37,487,596,1327,1189,580,845,1262,3382,2509,3478,1308,794,34641,0.51388486,0.00064015,0.48353011,0.00064999,0.37183595,0.00062482,0.35146763,0.00063307,0.51070873,0.00063394,0.47543284,0.00061929,0.53417845,0.00056328,0.51346981,0.00058888,0.48471276,0.00065557,0.61602723,0.0006958,0.49578784,0.00064875,0.52832121,0.00066203,0.50658785,0.00066641,0.53834001,0.00069241,0.47167493,0.0006261,0.45330233,0.00063128,0.40952458,0.00065397,0.41329821,0.00066216,0.45781569,0.00066646,0.49222198,0.00065542,0.49765863,0.00064705,0.49026391,0.00065484
27178,181,181,139,138,173,166,182,190,162,276,273,259,199,189.5,148,140,151,144,72,97,111,83,152,1765,374,1890,2442,1580,1116,2410,2358,1280,431,139,661,414,804,337,1211,2047,2059,598,1587,1447,1805,28755,0.48986666,0.0006691,0.46842121,0.00068913,0.36514798,0.00059708,0.37079392,0.0005984,0.43300706,0.00060705,0.40867317,0.00061401,0.48757887,0.00055589,0.50094982,0.00055385,0.41825096,0.00066039,0.68306197,0.00075398,0.48953367,0.00069493,0.4801838,0.00068915,0.49480996,0.00073093,0.44352598,0.00073382,0.45136417,0.00062978,0.4446705,0.00067224,0.39771642,0.00068067,0.40710116,0.00067039,0.43034318,0.00068398,0.48299594,0.0006757,0.49849157,0.000675,0.46776116,0.00069597
21039,219,211,156,152,212,190,210,218.5,185,280,289,293,198,203,117,154,154,151,95,94.5,117,93,182,2464,369,1125,1292,2024,1262,2257,2130,1309,455,1117,1297,1246,567,929,1811,992,2183,1125,358,1474,1735,29521,0.52164064,0.00065159,0.50242882,0.00065197,0.4523966,0.00066816,0.45041605,0.00064554,0.55955088,0.00069513,0.55322667,0.00067704,0.58509555,0.00064779,0.56764894,0.00063535,0.57265114,0.00064635,0.70806205,0.00067638,0.5698117,0.00070676,0.59635141,0.0006948,0.5452708,0.00074501,0.521485,0.00071447,0.5201114,0.0006128,0.518043,0.0006022,0.45728121,0.00073745,0.50211584,0.0007252,0.49601222,0.00062231,0.5250592,0.00062176,0.54414424,0.00066264,0.50137689,0.00065317
33844,221,210,150,151,172,165,212,219,184,289,286,271,204,203,114.5,150,122,146,107,79,125,114,168,1133,2124,1917,2436,1546,197,3274,1997,2813,115,1095,1024,900,1219,1072,923,2523,3081,1044,1774,562,2363,35132,0.4929654,0.00063209,0.48975778,0.00063338,0.37922475,0.000602,0.38553236,0.00060802,0.51089072,0.00061103,0.48491819,0.00062176,0.55500551,0.00057811,0.57545824,0.00058985,0.46347113,0.0006395,0.62362437,0.00070572,0.50211501,0.00064497,0.52246243,0.00066215,0.50334163,0.00067577,0.53040934,0.00068984,0.46603843,0.00062689,0.4884734,0.00063283,0.39570049,0.00066883,0.4049609,0.0006626,0.48510691,0.00065796,0.45837909,0.00065928,0.48756174,0.00063943,0.46777207,0.00064459
28747,205,231,171,163,201,201,192,195,190,286,290,291,206,219,142.5,151,101,92,77,73,131,112,187,1922,739,1824,2084,1134,1125,2126,1960,3563,439,1068,1044,722,1188,636,2114,973,875,118,179,930,192,26955,0.55584578,0.00059728,0.47473562,0.00063508,0.41529262,0.00061556,0.41838756,0.00059713,0.55247717,0.0005848,0.49885314,0.00059659,0.51786758,0.00054133,0.50211509,0.0005433,0.50224976,0.00064781,0.66629694,0.00068895,0.51225297,0.00063521,0.49294897,0.00063047,0.54493674,0.00064771,0.49091958,0.00065405,0.50064767,0.00058333,0.51462998,0.00057966,0.39252627,0.00063439,0.40000224,0.00068086,0.41709615,0.00062834,0.44018347,0.00063818,0.55592958,0.00060424,0.46756677,0.00064819
25628,194,211,149,152,195,169,183,190,165,275,281,272,204,226,129,150,158,88,69,111,117,122,161,1382,454,1667,2461,1540,716,2182,2154,1491,59,386,986,912,379,1548,1421,971,1516,1857,1740,467,230,26519,0.54288716,0.00061967,0.50379579,0.00063683,0.39951768,0.00057094,0.39807268,0.00057514,0.50260001,0.00059588,0.43713749,0.00061665,0.53521044,0.00052934,0.54298841,0.00054441,0.48035967,0.00062805,0.61962643,0.00068189,0.53610369,0.00063791,0.50183976,0.00063781,0.47496408,0.00066942,0.45904762,0.00066372,0.49773072,0.00060065,0.49827462,0.00058539,0.43328844,0.00064197,0.37056885,0.00066918,0.44021266,0.00068552,0.48102852,0.00066607,0.54477527,0.00062842,0.50466381,0.00065635
34124,209,190.5,157,164,179,179,213,204,196,290,296,265,202,201,170,177,84,93,76,88.5,108,126,184,589,288,1825,1956,1392,636,2551,2335,946,71,1383,1433,1560,1503,1864,818,609,2149,111,316,660,630,25625,0.49444321,0.00063039,0.48546418,0.00063213,0.37903197,0.00057086,0.36684983,0.00059849,0.46599788,0.00056692,0.44118336,0.00057507,0.49624039,0.00052374,0.50115361,0.00054507,0.44411734,0.00064131,0.69033808,0.00067078,0.52614786,0.00064747,0.50986522,0.00065667,0.52670131,0.00067246,0.49857376,0.00066777,0.49420798,0.00058954,0.48290577,0.00058983,0.38215509,0.00065395,0.39753831,0.00065646,0.4283054,0.00067255,0.47034274,0.00066309,0.48548017,0.00067335,0.51430531,0.00064368
20631,243,261,155,157,186,205,205,236,186,309,296,283,225,209,169,184,111,148,78,78,109,122,192,592,155,1644,817,1215,2333,2295,2320,745,27,1315,1458,785,766,906,1338,1158,1884,405,578,908,565,24209,0.50594255,0.00067359,0.49251086,0.0006757,0.46820398,0.00068716,0.42229445,0.0006958,0.58726438,0.00072236,0.53812481,0.00071299,0.56641035,0.00066736,0.58636948,0.00065807,0.61281282,0.00068342,0.70447508,0.00068057,0.5959974,0.00071985,0.5830185,0.00072502,0.51167719,0.00073637,0.58229701,0.00072198,0.5137505,0.00064363,0.50233059,0.00064145,0.42958404,0.00079133,0.50490247,0.00072458,0.39642527,0.00064594,0.45429984,0.0006878,0.50149551,0.00068138,0.49738378,0.00069436
33648,211,167,145,145,192,193,201,201,181,296,272,267,140,203,162,139,134,157,94,82,114,95,167,1308,471,1730,1350,1487,2222,3773,2305,2167,52,406,607,228,368,1847,2467,2037,3018,537,1344,916,1395,32035,0.54089986,0.00060427,0.51732585,0.00062637,0.46357068,0.00058874,0.43559607,0.00059093,0.53988902,0.000598,0.50685808,0.00060044,0.54247335,0.00055613,0.5326599,0.00055132,0.49278871,0.00064204,0.65013904,0.00067637,0.46742938,0.00064305,0.51370844,0.00062865,0.45580206,0.00066783,0.50278276,0.0006474,0.51479291,0.00059456,0.53206078,0.00060826,0.42051541,0.00064849,0.41344133,0.0006175,0.48406704,0.00063627,0.47164102,0.00065576,0.54089986,0.00061834,0.51075936,0.00063045
33560,215,209,152,152,195,201,210,215,189,278,294,283,140,212,130,149,176,158,74,101,139,122.5,164,1880,152,2274,1930,1190,1257,2531,2764,890,20,202,441,357,487,742,1585,1401,1979,2673,1526,1356,1654,29291,0.52433196,0.00065716,0.4982901,0.00066913,0.41481923,0.00058391,0.39860449,0.00059709,0.50198932,0.0006087,0.44135885,0.00061524,0.56010989,0.0005439,0.55025488,0.00055424,0.43234556,0.00064659,0.61060301,0.00070566,0.4693398,0.00069214,0.47842131,0.00068879,0.40706637,0.00069998,0.44653771,0.00071654,0.51083368,0.00064657,0.48326267,0.00061997,0.42647358,0.00063341,0.42333911,0.00065858,0.4477724,0.0006868,0.47699739,0.00068721,0.541385,0.00066535,0.50846387,0.0006816
21741,216,200,153,160,180,183,201,230,182,294.5,298,284,209,202,140,142,97,162,106,104,112,107,181,1247,405,779,1248,1627,1097,2055,2423,1089,336,216,423,349,1217,713,756,576,1428,572,293,1286,481,20616,0.48451892,0.00068002,0.4815051,0.00068615,0.44399841,0.00067295,0.37641019,0.00068449,0.5362193,0.00070439,0.52240496,0.00070336,0.58024785,0.00064702,0.56675555,0.00063917,0.49910091,0.00068255,0.68035528,0.00071243,0.50944542,0.00073232,0.56183571,0.00069459,0.5060901,0.00077432,0.51993588,0.00073988,0.49546628,0.00064612,0.49136515,0.00063282,0.36369059,0.00079058,0.46095455,0.00071944,0.42849104,0.00069382,0.44695242,0.00069045,0.4679764,0.00068337,0.46714423,0.00069611
34137,183,233,144,158.5,201,180,205,210,177,272,273,278,200,203,126,139,121,101,92,86,95.5,105,184,4217,5287,223,312,2184,2397,2012,3094,1320,220,1472,1200,974,963,2553,4070,1401,2050,687,905,644,625,38810,0.46123869,0.00064701,0.47209521,0.00065314,0.33599224,0.00059846,0.39898638,0.00059521,0.51328531,0.00061556,0.47055318,0.00061518,0.51616442,0.00055839,0.5165538,0.00056644,0.41047145,0.00066287,0.67777488,0.00069403,0.50304553,0.00066101,0.52727774,0.00066191,0.52593921,0.00069041,0.51550453,0.00069069,0.4677569,0.00063562,0.49064438,0.00062932,0.3640198,0.00065572,0.40511551,0.00065474,0.46633714,0.00067772,0.43893546,0.00068526,0.43271517,0.00065402,0.47731472,0.00067188
33726,186,189,164,163,177,186,208,209,198,266,295,274,212,210,114,104.5,97,120.5,89,75,133,128,175,1843,1420,1333,1065,1695,1016,2683,2665,781,380,836,476,1143,1070,655,1634,700,1652,2688,1662,326,309,28032,0.49576703,0.00063852,0.48605029,0.00064673,0.3690567,0.00060443,0.36530225,0.00061658,0.52498878,0.00059834,0.52267156,0.00060661,0.52618688,0.00054716,0.53604533,0.00057027,0.43767557,0.00060944,0.67940012,0.00065966,0.50564791,0.00063434,0.5158348,0.00064938,0.4738202,0.0006595,0.47920002,0.00066589,0.46292585,0.00060045,0.48844851,0.00060285,0.39996245,0.00065762,0.42739466,0.0006408,0.47200368,0.00064484,0.46273384,0.00064534,0.48415729,0.00064401,0.4753709,0.00065173
28792,188,182,161,171,168,157,187,198,185,269.5,277,275,193,199,114,120,98,124,83,79,107,115,172,2198,638,2198,1784,2278,1159,3546,3281,1732,398,1952,1910,1519,871,1143,3269,805,1433,815,967,566,1730,36192,0.49049656,0.00063549,0.47469332,0.00066662,0.38210523,0.00059269,0.3761061,0.0006084,0.48811162,0.00061183,0.46599253,0.00061308,0.48807551,0.000544,0.49981057,0.00055657,0.4400825,0.00066696,0.59597331,0.00073021,0.51891818,0.00064481,0.48862428,0.00065109,0.48565605,0.00067029,0.4724617,0.00068253,0.46423086,0.00061702,0.47556643,0.00061189,0.35709662,0.00065571,0.39441069,0.00065296,0.44063159,0.00067875,0.4083153,0.00068019,0.49546111,0.00064666,0.46920676,0.00067281
21243,219,205,152,165,177,196,217,224,188,282,282,281,205,212,155,161,159,153,76,79,134,126,168,133,135,2634,2495,1038,1040,2665,1805,1947,61,730,918,587,491,291,444,928,2402,1335,1235,768,2149,26231,0.46395025,0.00072879,0.46851013,0.00075707,0.40809118,0.00071676,0.36772083,0.00072298,0.48874658,0.00077438,0.52603204,0.00073487,0.56471127,0.00069495,0.55537476,0.0006761,0.53320349,0.00072299,0.70169574,0.00075148,0.55364444,0.00077732,0.52215391,0.00076448,0.51860734,0.00081905,0.45793843,0.00080445,0.46991039,0.00073586,0.50882332,0.00072923,0.43897559,0.00077142,0.45146431,0.00078412,0.42102356,0.00072788,0.38334788,0.00072716,0.45879113,0.00073988,0.46851013,0.00077132
33978,183,172,134,134,174,173,204,208,160,255,266,255,200,183,136,106,146,121,61,85,111,114,150,1635,301,2321,1601,2364,1248,2486,2970,892,157,639,699,164,725,3486,843,2198,2010,1151,1504,505,1842,31741,0.52083459,0.00063718,0.48868733,0.00064619,0.40045755,0.00056024,0.41464372,0.00057262,0.49661012,0.00058687,0.47098265,0.00058274,0.55456162,0.00054728,0.52573853,0.00055571,0.43433225,0.0006082,0.71330373,0.00066969,0.52073553,0.00064082,0.49496632,0.00065055,0.47277609,0.00068905,0.4952277,0.00068549,0.50486986,0.00060435,0.47785823,0.00064351,0.41313482,0.00064327,0.40482027,0.00066101,0.46952935,0.00067188,0.50340334,0.00066246,0.55866815,0.00064377,0.48824703,0.00065101
20895,187,178,133,137,193,155,186,206,182,280,286,272,196,194,130.5,156,156,154,71,57,125,124,172,1563,415,747,777,1945,628,1433,2030,978,548,344,284,1190,1503,456,616,1310,2654,1200,420,259,405,21705,0.55029669,0.00066652,0.52595418,0.00066186,0.48811645,0.0006574,0.48785483,0.00065315,0.53800544,0.00070278,0.51131284,0.00067789,0.54924038,0.00064802,0.56515538,0.00062789,0.55265844,0.00066235,0.68456671,0.00072925,0.52234574,0.00068643,0.5051644,0.00068731,0.52405392,0.00073457,0.54499498,0.0007123,0.50480218,0.00065316,0.4726519,0.0006637,0.43606427,0.00075175,0.46617735,0.00071375,0.39708751,0.0006474,0.33823522,0.00064936,0.53460901,0.00066991,0.52771624,0.00066859
21196,216,173,147,152,194,200,208,209,191,279,278,280,211,209,129,137,147,146,98,81,120,119,185,1193,819,1678,1390,2517,1420,1868,2759,3889,1010,959,740,1317,1336,909,1025,1640,2863,1125,509,930,929,32825,0.50447879,0.00064647,0.5587311,0.0006262,0.45940965,0.00063545,0.46204591,0.00063854,0.53075477,0.00066676,0.52077023,0.00065326,0.57991342,0.00064657,0.59352629,0.00062077,0.58202037,0.00062798,0.7887174,0.00070433,0.54619366,0.0006742,0.57824791,0.0006718,0.51457659,0.00073551,0.5334443,0.00067074,0.51840051,0.00063975,0.49637153,0.00060209,0.42936944,0.00073174,0.50602758,0.00071765,0.46746176,0.00062731,0.46035699,0.00063087,0.49926754,0.00065333,0.5587311,0.00063532
33714,233,225.5,174,178,214,204,223,214,204,283.5,317,310,243,245,165.5,166,95,111,95,85,151,129,185,536,154,2036,1415,2115,1141,2135,3085,439,192,640,901,1421,1309,1546,2097,514,2107,2097,3320,1051,442,30693,0.47178248,0.0006398,0.45240672,0.00065357,0.36835063,0.00060391,0.38354311,0.00062976,0.48117454,0.00058541,0.46070724,0.00058833,0.46788758,0.00054787,0.49304748,0.00056679,0.46251854,0.00062907,0.5790305,0.00066703,0.50802832,0.00064617,0.50309926,0.00068269,0.48448053,0.00068778,0.46896662,0.00071497,0.48147563,0.0005995,0.49652359,0.00061364,0.34879503,0.00067883,0.37428845,0.00070576,0.45393843,0.00066932,0.48611796,0.00067436,0.48083807,0.00064645,0.48295193,0.00066424
31614,186,192,150,156,195,197,237,223,191,285,288,269,208,204,137,138,137,124,71,82,127,135,180,1612,2802,3180,1335,2187,1316,2767,4747,900,90,1380,1693,1375,1060,468,1145,1161,852,1965,2443,2035,1544,38057,0.52483791,0.00059572,0.50358149,0.00060435,0.4262174,0.00056755,0.37347141,0.00058967,0.54827147,0.00057215,0.52696835,0.00057523,0.53328898,0.00052716,0.53557595,0.00054451,0.4851549,0.00060677,0.69051046,0.00063575,0.51776904,0.00060672,0.51639336,0.00061477,0.51039254,0.00061531,0.50122312,0.00062456,0.50339983,0.00058687,0.50703161,0.00057849,0.41165174,0.00060478,0.42232867,0.00059663,0.43527014,0.00062097,0.42672379,0.00062347,0.51577499,0.00060494,0.51914561,0.00060878
27805,225,208,156,158,197,195,209,218,175,297,307,295,226,213,149,151,123,131,82,95,113,119,169,1471,288,1064,2767,2285,1692,2725,2863,1708,41,855,786,580,835,593,1643,1261,1908,4145,1578,369,693,32150,0.48460638,0.00064556,0.46301896,0.00066487,0.35161491,0.00062406,0.35415301,0.00061159,0.4808527,0.00059528,0.45508589,0.00059908,0.53946174,0.00053977,0.50278669,0.00053961,0.43545811,0.00065131,0.5771149,0.00072477,0.50390851,0.00066778,0.48757544,0.00066393,0.50619715,0.00071226,0.48396913,0.00070491,0.48118766,0.00062949,0.49827059,0.00062036,0.38251239,0.00066957,0.3872487,0.00067149,0.45206004,0.00069952,0.45375644,0.00068617,0.50757618,0.00066063,0.47808018,0.00067436
20912,195,193,154,155,189,182,215,222,199,273,286,285,213,214,141,136,165,159,94,82,116,129,189,3050,1777,907,859,1903,1090,3517,4061,1075,674,347,704,661,870,949,1840,2704,2576,396,738,636,348,31682,0.48123904,0.0006627,0.52540648,0.00068311,0.44213313,0.00066443,0.41683214,0.00064794,0.52124345,0.00069314,0.51405515,0.00070746,0.57683786,0.00063847,0.57812636,0.00064798,0.58919885,0.00068214,0.73900844,0.00072456,0.52618846,0.00069806,0.54810575,0.00071102,0.49849905,0.00070839,0.53277081,0.00075424,0.4850214,0.00065409,0.5275918,0.00063343,0.45641527,0.00073492,0.47260185,0.00072777,0.48021704,0.00064632,0.44235895,0.00064584,0.46964749,0.00066649,0.52498559,0.00069615
29390,195,202,147,149,170,187,211,214,188,286,290.5,276,218,213,153.5,138,113,82,108,101,145,122.5,163,2461,457,1259,1162,1993,1872,2593,1539,1296,232,542,774,979,1283,398,3147,2143,1056,1795,2318,1630,1100,32029,0.49443391,0.00061017,0.48116016,0.00063231,0.36107726,0.00056686,0.38385172,0.0005489,0.5151712,0.00055577,0.51416354,0.00055395,0.51148027,0.00052188,0.53772059,0.00053852,0.42248573,0.00059803,0.61719494,0.00066255,0.5488176,0.00061723,0.54143491,0.00060521,0.51701685,0.00063887,0.48643941,0.00064964,0.44249248,0.00058795,0.4761651,0.00057906,0.40470273,0.00062491,0.43530224,0.00062556,0.47952467,0.00063087,0.46715407,0.00063638,0.48476562,0.00061872,0.48452675,0.00063945
24961,205,216,158,150,181,175.5,219,209,187,274,291,278.5,169,193,142,159,143,126,85,86,104,116,174,2385,2027,1518,2774,1829,1576,3385,3253,1253,25,896,512,602,760,651,3562,2222,2348,1322,3471,539,395,37305,0.47727886,0.00062019,0.48688593,0.00066818,0.37620269,0.00059658,0.35644258,0.0005965,0.48870887,0.00058225,0.4566996,0.00058308,0.55531537,0.00054998,0.53169997,0.0005548,0.419276,0.00065528,0.6128688,0.00070837,0.54099938,0.00064367,0.49236392,0.00066595,0.48814271,0.00064844,0.49044005,0.00068736,0.47249526,0.00060312,0.48983312,0.00059916,0.38615399,0.00065297,0.40057534,0.000657,0.48692391,0.00069704,0.4872719,0.00070105,0.47345561,0.0006242,0.48809321,0.00068375
21976,201,207,153,159,179,194,220,228,188,317,294,295,206,224,138,178,90,105,76,90,117,110,182,3045,593,1320,819,1815,2184,3664,1454,994,250,941,854,1632,1979,1342,1897,666,1104,1626,2035,1769,1093,33076,0.52982299,0.0006312,0.50607261,0.00063236,0.46850908,0.00065115,0.41838848,0.00064929,0.60837483,0.00066825,0.58834344,0.00067052,0.57199012,0.0006273,0.6108031,0.00063246,0.57117771,0.00068584,0.76311594,0.00073813,0.61594074,0.0006848,0.6138484,0.00070923,0.56352088,0.00071289,0.56867763,0.00072241,0.51074245,0.00061548,0.58813219,0.0006184,0.39748899,0.00075829,0.44994464,0.00070282,0.44287617,0.00063054,0.46728748,0.00062025,0.46992849,0.00064227,0.48398747,0.00063687
33503,191,194,155,161,214,185,201,195,180,279,285,277,177,220,121,130,122,117,70,88,132,102,167,835,827,1892,1638,1401,1277,2510,2442,2843,164,926,1428,1241,651,919,1031,719,2285,2551,2208,1034,1356,32178,0.51539103,0.00063798,0.5145174,0.00065166,0.37335993,0.00059126,0.39852891,0.00060332,0.5098307,0.00060632,0.52001083,0.00061062,0.53635229,0.00053892,0.5278759,0.00056109,0.4583764,0.00062916,0.68351746,0.00068142,0.50583476,0.00064699,0.48852194,0.00066744,0.45764918,0.0006748,0.48955988,0.00068922,0.46739274,0.00061625,0.50962646,0.00061208,0.38186925,0.00064614,0.4002645,0.00067957,0.46226947,0.00067919,0.47027091,0.00066712,0.51529613,0.00064726,0.51160785,0.00065598